Year,Cups of brewed coffee
2019-20,1.73732E+11
2020-21,1.72885E+11
2021-22,1.78227E+11
2022-23,1.64222E+11